voiceID,meanF0Hz,stdevF0Hz,HNR,localJitter,localabsoluteJitter,rapJitter,ppq5Jitter,ddpJitter,localShimmer,localdbShimmer,apq3Shimmer,apq5Shimmer,apq11Shimmer,ddaShimmer
C:/Users/Boss/Desktop/parkin/data/parkisions/B1VLIATFOO55M300320171237.wav,154.20259002020367,45.73536937392057,14.620002312627149,0.01763346615463386,0.0001150707169834664,0.007087104855742935,0.008633747472201286,0.021261314567228805,0.11823109309899472,1.0936541180112012,0.04392600569558445,0.06765610368284862,0.12337669435827862,0.13177801708675335
